INSERT INTO collections VALUES
("726d5a39-e7a7-4306-846b-c934fb4a87d4", "Erosion", "The nature of clay will speak of the continual erosion and weathering of the land we live on, of the traces made by the passage of humans across the surface of our planet and of the tension between a container and its contents."),
("9cfb3c41-d7f9-4a19-bd31-17657e01ab5a", "Midden", "Skye’s landscape undergoes fundamental natural changes as a result of climatic and geological processes. Changes made by human activities such as settlement and agriculture are scratched on its surface. Skye’s landscape undergoes fundamental natural changes as a result of climatic and geological processes. Changes made by human activities such as settlement and agriculture are scratched on its surface."),
("377a972a-3bf7-4a23-89e8-2d50b7d9a87b", "Contour", "My contour collection grows from a feeling of connection to the land and the effect of people upon its surface. The forms of the land are bounded by fencing and dykes, crossed by paths and water courses, which can delineate, separate and unify.");

INSERT INTO products VALUES
("9f68d3c2-0d8e-40d4-ba8e-5c3d7efe347f", "Earth Jar", "Earth Jar 20 'riven', unglazed stoneware", 4000, 10, "726d5a39-e7a7-4306-846b-c934fb4a87d4"),
("e678461f-db3a-4cc5-af71-cb1c8a7e4940", "Raku Fire", "'Watershed' hand formed, raku fired ceramic", 3000, 10, "726d5a39-e7a7-4306-846b-c934fb4a87d4"),
("121b3300-2120-4b94-9251-c1e510251582", "Saggar Bottles", "3 erosion bottles saggar fired stoneware", 2000, 10, "726d5a39-e7a7-4306-846b-c934fb4a87d4"),
("d9701689-31e9-4279-a426-8b38a01a8592", "Strata Flask", "A small hand made strata flask with dark iron tenmoku glazed interior.", 3500, 10, "726d5a39-e7a7-4306-846b-c934fb4a87d4"),
("5d89d595-32e1-456a-97e2-b284dd015267", "Erosion Cup", "A hand made erosion cup (or yunomi) with iron matt glaze interior.", 2500, 10, "9cfb3c41-d7f9-4a19-bd31-17657e01ab5a"),
("056f31f6-ae77-4e63-bd65-b6e7e6e8b9e8", "Tanka Fired", "Tanka fired strata vase. This textured hand made vase has been fired in a charcoal saggar in the gas kiln.", 3200, 10, "9cfb3c41-d7f9-4a19-bd31-17657e01ab5a"),
("c53b2001-7ac9-4392-bdc8-3ce86aa9968f", "Strata Flask", "A small hand made strata flask with dark iron tenmoku glazed interior.", 1400, 10, "9cfb3c41-d7f9-4a19-bd31-17657e01ab5a"),
("7997779a-0ca3-4635-8896-01a623819b87", "Strata Vase", "Tanka fired strata vase. This textured hand made vase has been fired in a charcoal saggar in the gas kiln.", 2900, 10, "9cfb3c41-d7f9-4a19-bd31-17657e01ab5a"),
("cee09773-355a-49d6-81e5-62988726cf5c", "Rolling Erosion", "Rolling erosion bowl. This textured hand made bowl has been fired in a charcoal saggar in the wood kiln where it takes on the soft greys and blacks from the firing process.", 4200, 10, "377a972a-3bf7-4a23-89e8-2d50b7d9a87b"),
("3de7c755-e2f0-47ab-afe7-da835c0023fc", "Strata Flask", "A small hand made strata flask with dark iron tenmoku glazed interior.", 1200, 10, "377a972a-3bf7-4a23-89e8-2d50b7d9a87b"),
("6dd67ee7-87c1-4b6c-9c46-b5ec82d575d6", "Strata Vase", "Tanka fired strata vase. This textured hand made vase has been fired in a charcoal saggar in the gas kiln.", 5000, 10, "377a972a-3bf7-4a23-89e8-2d50b7d9a87b"),
("7b43dd9a-3025-4b8f-b125-018d09eba7a3", "Kappa Vase", "Kappa vase bowl. This textured hand made bowl has been fired in a charcoal saggar in the wood kiln where it takes on the soft greys and blacks from the firing process.", 5000, 10, "377a972a-3bf7-4a23-89e8-2d50b7d9a87b");

INSERT INTO images VALUES
("50daae91-934e-4072-a8f7-2a352bdd165d", "https://images.invernspirit.com/products/ceramics-product-1-1.jpeg", "product1-1", "9f68d3c2-0d8e-40d4-ba8e-5c3d7efe347f", "726d5a39-e7a7-4306-846b-c934fb4a87d4"),
("4e306fc6-95f6-49fc-b6f1-860898e8aa1e", "https://images.invernspirit.com/products/ceramics-product-1-2.jpeg", "product1-2", "e678461f-db3a-4cc5-af71-cb1c8a7e4940", null),
("fd3496eb-42b4-47ab-8a35-d7b38a0f0027", "https://images.invernspirit.com/products/ceramics-product-1-3.jpeg", "product1-3", "121b3300-2120-4b94-9251-c1e510251582", null),
("9ca7f650-d128-4e25-b15a-5b927a8ae162", "https://images.invernspirit.com/products/ceramics-product-1-4.jpeg", "product1-4", "d9701689-31e9-4279-a426-8b38a01a8592", null),
("2afe32fe-ac2f-4d72-b2c7-efcb5f979cb3", "https://images.invernspirit.com/products/ceramics-product-2-1.jpeg", "product2-1", "5d89d595-32e1-456a-97e2-b284dd015267", "9cfb3c41-d7f9-4a19-bd31-17657e01ab5a"),
("ef494777-4c66-4750-9eef-894bc9b7f612", "https://images.invernspirit.com/products/ceramics-product-2-2.jpeg", "product2-2", "056f31f6-ae77-4e63-bd65-b6e7e6e8b9e8", null),
("35e32277-29b1-4551-a58c-25c3d2a5dde5", "https://images.invernspirit.com/products/ceramics-product-2-3.jpeg", "product2-3", "c53b2001-7ac9-4392-bdc8-3ce86aa9968f", null),
("b6fb2740-c190-4330-9566-7ce265e94e29", "https://images.invernspirit.com/products/ceramics-product-2-4.jpeg", "product2-4", "7997779a-0ca3-4635-8896-01a623819b87", null),
("b1bb8491-53a5-4772-ae00-5ac23d60b8a2", "https://images.invernspirit.com/products/ceramics-product-3-1.jpeg", "product3-1", "cee09773-355a-49d6-81e5-62988726cf5c", "377a972a-3bf7-4a23-89e8-2d50b7d9a87b"),
("e255b1fc-de2a-4cf5-88b9-7875ea867186", "https://images.invernspirit.com/products/ceramics-product-3-2.jpeg", "product3-2", "3de7c755-e2f0-47ab-afe7-da835c0023fc", null),
("d29ab75d-09fc-46f0-b3fa-c78b2f162a05", "https://images.invernspirit.com/products/ceramics-product-3-3.jpeg", "product3-3", "6dd67ee7-87c1-4b6c-9c46-b5ec82d575d6", null),
("171509b0-affc-45ce-81d1-d898aaccc1a8", "https://images.invernspirit.com/products/ceramics-product-3-4.jpeg", "product3-4", "7b43dd9a-3025-4b8f-b125-018d09eba7a3", null);
